[
  {
    "siteId": 1,
    "siteName": "Site Alpha",
    "trend": [10, 20, 25, 18, 30],
    "heatmapData": [
      [0, 0, 5], [0, 1, 3], [0, 2, 6],
      [1, 0, 4], [1, 1, 7], [1, 2, 2]
    ]
  },
  {
    "siteId": 2,
    "siteName": "Site Bravo",
    "trend": [5, 8, 6, 12, 10],
    "heatmapData": [
      [0, 0, 2], [0, 1, 4], [0, 2, 7],
      [1, 0, 3], [1, 1, 5], [1, 2, 6]
    ]
  },
  {
    "siteId": 3,
    "siteName": "Site Charlie",
    "trend": [15, 17, 20, 22, 25],
    "heatmapData": [
      [0, 0, 6], [0, 1, 5], [0, 2, 8],
      [1, 0, 7], [1, 1, 6], [1, 2, 4]
    ]
  },
  {
    "siteId": 4,
    "siteName": "Site Delta",
    "trend": [3, 5, 7, 6, 8],
    "heatmapData": [
      [0, 0, 3], [0, 1, 4], [0, 2, 2],
      [1, 0, 3], [1, 1, 2], [1, 2, 1]
    ]
  }
]