[
  {
    "id": 1,
    "name": "Site Alpha",
    "status": "Active",
    "lastUpdated": "2025-04-20",
    "alarms": 12,
    "tickets": 3,
    "devices": 8,
    "insights": [10, 15, 20, 18, 30, 25, 28]
  },
  {
    "id": 2,
    "name": "Site Bravo",
    "status": "Inactive",
    "lastUpdated": "2025-04-18",
    "alarms": 5,
    "tickets": 1,
    "devices": 6,
    "insights": [5, 8, 6, 12, 10, 9, 7]
  },
  {
    "id": 3,
    "name": "Site Charlie",
    "status": "Active",
    "lastUpdated": "2025-04-17",
    "alarms": 8,
    "tickets": 2,
    "devices": 7,
    "insights": [12, 14, 16, 20, 18, 22, 24]
  },
  {
    "id": 4,
    "name": "Site Delta",
    "status": "Maintenance",
    "lastUpdated": "2025-04-15",
    "alarms": 2,
    "tickets": 0,
    "devices": 5,
    "insights": [3, 5, 7, 5, 4, 6, 8]
  },
  {
    "id": 5,
    "name": "Site Echo",
    "status": "Active",
    "lastUpdated": "2025-04-19",
    "alarms": 10,
    "tickets": 4,
    "devices": 9,
    "insights": [8, 12, 15, 17, 19, 21, 25]
  },
  {
    "id": 6,
    "name": "Site Foxtrot",
    "status": "Inactive",
    "lastUpdated": "2025-04-16",
    "alarms": 1,
    "tickets": 0,
    "devices": 4,
    "insights": [1, 3, 2, 5, 4, 3, 2]
  }
]